Metabolite_name,RefMet_name,refmet_name,super_class,main_class,sub_class,formula,exactmass,inchi_key,smiles,pubchem_cid
10-Heptadecenoic acid_ (Z)-_ TMS derivative,10Z-Heptadecenoic acid,10Z-Heptadecenoic acid,Fatty Acyls,Fatty acids,Unsaturated FA,C17H32O2,268.24023,GDTXICBNEOEPAZ-FPLPWBNLSA-N,CCCCCC/C=C\CCCCCCCCC(=O)O,5312435.0
1_1^-Biphenyl_ 4_4^-dinitro-,,,,,,,,,,
11-Methyldodecanol,,,,,,,,,,
1_2_5-Thiadiazolo[3_4-c]coumarine_ 8-nitro-,,,,,,,,,,
1_2-Benzenedicarboxylic acid_ bis(2-methylpropyl) ester,,,,,,,,,,
1_2-Dipalmitin_ TMS derivative,,,,,,,,,,
13.beta.-Ethyl-3-oximinogon-4-en-17-one 3-TMS,,,,,,,,,,
1_3-Dipalmitin_ TMS derivative,,,,,,,,,,
13-Docosenoic acid_ methyl ester_ (Z)-,,,,,,,,,,
1-(3-Methylbutyl)-2_3_4_6-tetramethylbenzene,,,,,,,,,,
1_5-anhydro-D-sorbitol,"1,5-Anhydrosorbitol","1,5-Anhydrosorbitol",Carbohydrates,Monosaccharides,Hexoses,C6H12O5,164.068475,MPCAJMNYNOGXPB-SLPGGIOYSA-N,OC[C@H]1OC[C@H](O)[C@@H](O)[C@@H]1O,64960.0
17-Methoxy-d-homo-18-norandrosta-4_8_13_15_17-pentaen-3-one,,,,,,,,,,
18-Methyl-nonadecane-1_2-diol_ isopropylidene derivative,,,,,,,,,,
1-Chloromethyl-1-hexadecyloxy-1-silacyclohexane,,,,,,,,,,
1-Decanol_ 2-hexyl-,1-Decanol,1-Decanol,Fatty Acyls,Fatty alcohols,Fatty alcohols,C10H22O,158.167065,MWKFXSUHUHTGQN-UHFFFAOYSA-N,CCCCCCCCCCO,8174.0
1-Dodecanol_ 2-hexyl-,,,,,,,,,,
1-Dodecanol_ TMS derivative,Dodecanol,Dodecanol,Fatty Acyls,Fatty alcohols,Fatty alcohols,C12H26O,186.198365,LQZZUXJYWNFBMV-UHFFFAOYSA-N,CCCCCCCCCCCCO,8193.0
1-Ethyl-1-tridecyloxy-1-silacyclohexane,,,,,,,,,,
1-Heptanol_ TMS derivative,n-Heptanol,n-Heptanol,Fatty Acyls,Fatty alcohols,Fatty alcohols,C7H16O,116.120115,BBMCTIGTTCKYKF-UHFFFAOYSA-N,CCCCCCCO,8129.0
1-hexadecanol,Cetyl alcohol,Cetyl alcohol,Fatty Acyls,Fatty alcohols,Fatty alcohols,C16H34O,242.260965,BXWNKGSJHAJOGX-UHFFFAOYSA-N,CCCCCCCCCCCCCCCCO,2682.0
1-Hexadecanol_ TBDMS derivative,Cetyl alcohol,Cetyl alcohol,Fatty Acyls,Fatty alcohols,Fatty alcohols,C16H34O,242.260965,BXWNKGSJHAJOGX-UHFFFAOYSA-N,CCCCCCCCCCCCCCCCO,2682.0
1H-Pyrazole_ 4-nitro-,,,,,,,,,,
1-Hydroxy-3-methoxy-6-methylanthraquinone_ TMS derivative,,,,,,,,,,
1-Monomyristin_ 2TMS derivative,MG 14:0,MG 14:0,Glycerolipids,Monoradylglycerols,MG,C17H34O4,302.24571,,,
1 monoolein,MG 18:1,MG 18:1,Glycerolipids,Monoradylglycerols,MG,C21H40O4,356.29266,,,
1-Monopalmitin_ 2TMS derivative,MG 16:0/0:0/0:0,MG 16:0/0:0/0:0,Glycerolipids,Monoradylglycerols,MG,C19H38O4,330.27701,,,
1-Nonene_ 4_6_8-trimethyl-,1-Nonene,1-Nonene,Fatty Acyls,Hydrocarbons,Hydrocarbons,C9H18,126.14085,JRZJOMJEPLMPRA-UHFFFAOYSA-N,C=CCCCCCCC,31285.0
1-Octadecanol_ TMS derivative,Stearyl alcohol,Stearyl alcohol,Fatty Acyls,Fatty alcohols,Fatty alcohols,C18H38O,270.292265,GLDOVTGHNKAZLK-UHFFFAOYSA-N,CCCCCCCCCCCCCCCCCCO,8221.0
1-octadecene,1-Octadecene,1-Octadecene,Fatty Acyls,Hydrocarbons,Hydrocarbons,C18H36,252.2817,CCCMONHAUSKTEQ-UHFFFAOYSA-N,C=CCCCCCCCCCCCCCCCC,8217.0
1^-Oxocannabinol,,,,,,,,,,
1-stearoyl-rac-glycerol,MG 18:0,MG 18:0,Glycerolipids,Monoradylglycerols,MG,C21H42O4,358.30831,,,
1-(Trifluoroacetyl)-L-proline_ TMS derivative,,,,,,,,,,
2(1H)-Pyridinone_ 3-acetyl-4-hydroxy-6-methyl-,,,,,,,,,,
2_3-Dihydroxypropyl icosanoate_ 2TMS derivative,,,,,,,,,,
2_4-Thiazolidinedione,,,,,,,,,,
2_5-Di-tert-butyl-4-((trimethylsilyl)oxy)phenol,,,,,,,,,,
2_6-Bis(tert-butyl)phenol_ TMS derivative,,,,,,,,,,
2_6-Diisopropylnaphthalene,,,,,,,,,,
2_6-Diphenyl-1_7-dihydrodipyrrolo[2_3-b:3^_2^-e]pyridine,,,,,,,,,,
2-.alpha.-Mannobiose_ octakis(trimethylsilyl) ether (isomer 1),,,,,,,,,,
2-Ethyl-3-hydroxypropionic acid_ di-TMS,2-Ethyl-hydracrylic acid,2-Ethyl-hydracrylic acid,Fatty Acyls,Fatty acids,Hydroxy FA,C5H10O3,118.062995,ZMZQVAUJTDKQGE-UHFFFAOYSA-N,CCC(CO)C(=O)O,188979.0
2-Hydrazino-4_6-dimethylpyrimidine_ 2TBDMS derivative,,,,,,,,,,
2-hydroxybutyric acid,2-Hydroxybutyric acid,2-Hydroxybutyric acid,Fatty Acyls,Fatty acids,Hydroxy FA,C4H8O3,104.047345,AFENDNXGAFYKQO-UHFFFAOYSA-N,CCC(O)C(=O)O,11266.0
2-Hydroxybutyric acid_ 2TMS derivative,2-Hydroxybutyric acid,2-Hydroxybutyric acid,Fatty Acyls,Fatty acids,Hydroxy FA,C4H8O3,104.047345,AFENDNXGAFYKQO-UHFFFAOYSA-N,CCC(O)C(=O)O,11266.0
2-Isopropyl-5-methyl-1-heptanol,,,,,,,,,,
2-ketoisocaproic acid 2,Ketoleucine,Ketoleucine,Organic acids,Keto acids,Short-chain keto acids,C6H10O3,130.062995,BKAJNAXTPSGJCU-UHFFFAOYSA-N,CC(C)CC(=O)C(=O)O,70.0
2-Methoxy-6-methyl-4-phenyl-quinazoline,,,,,,,,,,
2-Methoxyestradiol_ 2TMS derivative,2-Methoxyestradiol-17beta,2-Methoxyestradiol-17beta,Sterol Lipids,Steroids,C18 Steroids,C19H26O3,302.188195,CQOQDQWUFQDJMK-SSTWWWIQSA-N,COc1cc2c(cc1O)CC[C@@H]1[C@@H]2CC[C@]2(C)[C@@H](O)CC[C@@H]12,66414.0
2-(Methylamino)ethanol_ tert-butyldimethylsilyl ether,,,,,,,,,,
2-Monomyristin_ 2TMS derivative,MG 14:0,MG 14:0,Glycerolipids,Monoradylglycerols,MG,C17H34O4,302.24571,,,
2-Monostearin_ 2TMS derivative,,,,,,,,,,
2-O-Glycerol-.alpha.-d-galactopyranoside_ hexa-TMS,,,,,,,,,,
2-Palmitoylglycerol_ 2TMS derivative,MG 0:0/16:0/0:0,MG 0:0/16:0/0:0,Glycerolipids,Monoradylglycerols,MG,C19H38O4,330.27701,BBNYCLAREVXOSG-UHFFFAOYSA-N,CCCCCCCCCCCCCCCC(=O)OC(CO)CO,123409.0
2-Phenyl-1_3-oxazol-2-ine,,,,,,,,,,
2-Propenoic acid_ 2_3_3-tris[(trimethylsilyl)oxy]-_ trimethylsilyl ester,Acrylic acid,Acrylic acid,Fatty Acyls,Fatty acids,Unsaturated FA,C3H4O2,72.02113,NIXOWILDQLNWCW-UHFFFAOYSA-N,C=CC(=O)O,6581.0
2-Pyrrolidinone_ TMS derivative,2-Pyrrolidinone,2-Pyrrolidinone,Organoheterocyclic compounds,Pyrrolidones,Pyrrolidones,C4H7NO,85.052764,HNJBEVLQSNELDL-UHFFFAOYSA-N,O=C1CCCN1,12025.0
3-[3-(4-Hydroxyphenyl)-3-oxoprop-1-en-1-yl]-6-methylchromen-4-one,,,,,,,,,,
3-.alpha.-Mannobiose_ octakis(trimethylsilyl) ether (isomer 1),,,,,,,,,,
3-.alpha.-Mannobiose_ octakis(trimethylsilyl) ether (isomer 2),,,,,,,,,,
3-Bromo-1-propanol_ TMS derivative,,,,,,,,,,
3-indoleacetic acid,Indoleacetic acid,Indoleacetic acid,Alkaloids,Tryptophan alkaloids,Indoleacetic acid alkaloids,C10H9NO2,175.063329,SEOVTRFCIGRIMH-UHFFFAOYSA-N,O=C(O)Cc1c[nH]c2ccccc12,802.0
3-indolelactic acid 2,Indoleacetic acid,Indoleacetic acid,Alkaloids,Tryptophan alkaloids,Indoleacetic acid alkaloids,C10H9NO2,175.063329,SEOVTRFCIGRIMH-UHFFFAOYSA-N,O=C(O)Cc1c[nH]c2ccccc12,802.0
3-Pyridinol_ TMS derivative,3-Hydroxypyridine,3-Hydroxypyridine,Alkaloids,Nicotinic acid alkaloids,Pyridine alkaloids,C5H5NO,95.037114,GRFNBEZIAWKNCO-UHFFFAOYSA-N,Oc1cccnc1,7971.0
4-Bromo-1-butanol_ TBDMS derivative,,,,,,,,,,
4-hydroxyphenylacetic acid,4-Hydroxyphenylacetic acid,4-Hydroxyphenylacetic acid,Polyketides,Phenolic acids,Phenolic acids,C8H8O3,152.047345,XQXPVVBIMDBYFF-UHFFFAOYSA-N,O=C(O)Cc1ccc(O)cc1,127.0
4-Pyridinol_ TMS derivative,4-Pyridone,4-Pyridone,Alkaloids,Nicotinic acid alkaloids,Pyridine alkaloids,C5H5NO,95.037114,GCNTZFIIOFTKIY-UHFFFAOYSA-N,O=c1cc[nH]cc1,12290.0
5_5^-Biphthalide,,,,,,,,,,
5alpha-Cholestanol,Dihydrocholesterol,Dihydrocholesterol,Sterol Lipids,Sterols,Cholesterols,C27H48O,388.370515,QYIXCDOBOSTCEI-QCYZZNICSA-N,CC(C)CCC[C@@H](C)[C@H]1CC[C@H]2[C@@H]3CC[C@H]4C[C@@H](O)CC[C@]4(C)[C@H]3CC[C@]12C,6665.0
9-Decenoic acid_ TMS derivative,Caproleic acid,Caproleic acid,Fatty Acyls,Fatty acids,Unsaturated FA,C10H18O2,170.13068,KHAVLLBUVKBTBG-UHFFFAOYSA-N,C=CCCCCCCCC(=O)O,61743.0
9-Hexadecenoic acid_ (Z)-_ TBDMS derivative,Palmitoleic acid,Palmitoleic acid,Fatty Acyls,Fatty acids,Unsaturated FA,C16H30O2,254.22458,SECPZKHBENQXJG-FPLPWBNLSA-N,CCCCCC/C=C\CCCCCCCC(=O)O,445638.0
9-Tetradecenoic acid_ (E)-_ TMS derivative,,,,,,,,,,
Acetamide_ TMS derivative,Acetamide,Acetamide,Organic acids,Carboximidic acids,Carboximidic acids,C2H5NO,59.037114,DLFVBJFMPXGRIB-UHFFFAOYSA-N,CC(N)=O,178.0
acetohydroxamic acid,Acetohydroxamic acid,Acetohydroxamic acid,Organic acids,Carboxylic acids,Other carboxylic acids,C2H5NO2,75.032029,RRUDCFGSUDOHDG-UHFFFAOYSA-N,CC(=O)NO,1990.0
acetyl chloride_ 2_2^-[1_2-ethanediylbis(oxy)]bis-,,,,,,,,,,
.alpha.-D-Glucopyranose_ 2_3_4_6-tetrakis-O-(trimethylsilyl)-_ bis(trimethylsilyl) phosphate,Glucose,Glucose,Carbohydrates,Monosaccharides,Hexoses,C6H12O6,180.06339,WQZGKKKJIJFFOK-GASJEMHNSA-N,OC[C@H]1OC(O)[C@H](O)[C@@H](O)[C@@H]1O,5793.0
.alpha.-Tocopherol_ TMS derivative,alpha-Tocopherol,alpha-Tocopherol,Prenol Lipids,Quinones and hydroquinones,Vitamin E,C29H50O2,430.38108,GVJHHUAWPYXKBD-IEOSBIPESA-N,Cc1c(C)c2c(c(C)c1O)CC[C@@](C)(CCC[C@H](C)CCC[C@H](C)CCCC(C)C)O2,14985.0
Aminomalonic acid_ tris(trimethylsilyl)-,Aminomalonic acid,Aminomalonic acid,Organic acids,Amino acids and peptides,Amino acids,C3H5NO4,119.021859,JINBYESILADKFW-UHFFFAOYSA-N,NC(C(=O)O)C(=O)O,100714.0
Anthraquinone_ 1-(o-chlorophenyl)-,"9,10-Anthraquinone","9,10-Anthraquinone",Polyketides,Aromatic polyketides,Anthracenes and phenanthrenes,C14H8O2,208.05243,RZVHIXYEVGDQDX-UHFFFAOYSA-N,O=C1c2ccccc2C(=O)c2ccccc21,6780.0
arabinose,Arabinose,Arabinose,Carbohydrates,Monosaccharides,Pentoses,C5H10O5,150.052825,PYMYPHUHKUWMLA-WDCZJNDASA-N,O=C[C@@H](O)[C@H](O)[C@H](O)CO,66308.0
arachidic acid,Arachidic acid,Arachidic acid,Fatty Acyls,Fatty acids,Saturated FA,C20H40O2,312.30283,VKOBVWXKNCXXDE-UHFFFAOYSA-N,CCCCCCCCCCCCCCCCCCCC(=O)O,10467.0
Arachidonic acid_ TMS derivative,Arachidonic acid,Arachidonic acid,Fatty Acyls,Fatty acids,Unsaturated FA,C20H32O2,304.24023,YZXBAPSDXZZRGB-DOFZRALJSA-N,CCCCC/C=C\C/C=C\C/C=C\C/C=C\CCCC(=O)O,444899.0
aspartic acid 1,Aspartic acid,Aspartic acid,Organic acids,Amino acids and peptides,Amino acids,C4H7NO4,133.037509,CKLJMWTZIZZHCS-REOHCLBHSA-N,N[C@@H](CC(=O)O)C(=O)O,5960.0
aspartic acid 2,Aspartic acid,Aspartic acid,Organic acids,Amino acids and peptides,Amino acids,C4H7NO4,133.037509,CKLJMWTZIZZHCS-REOHCLBHSA-N,N[C@@H](CC(=O)O)C(=O)O,5960.0
Benzoic acid_ 4-ethoxy-_ ethyl ester,,,,,,,,,,
Benzoic acid_ 5-methoxy-2-[(trimethylsilyl)oxy]-_ trimethylsilyl ester,Benzoic acid,Benzoic acid,Polyketides,Phenolic acids,Phenolic acids,C7H6O2,122.03678,WPYMKLBDIGXBTP-UHFFFAOYSA-N,O=C(O)c1ccccc1,243.0
Benzoic Acid_ TMS derivative_,Benzoic acid,Benzoic acid,Polyketides,Phenolic acids,Phenolic acids,C7H6O2,122.03678,WPYMKLBDIGXBTP-UHFFFAOYSA-N,O=C(O)c1ccccc1,243.0
Beta- alanine 1,beta-Alanine,beta-Alanine,Organic acids,Amino acids and peptides,Amino acids,C3H7NO2,89.047679,UCMIRNVEIXFBKS-UHFFFAOYSA-N,NCCC(=O)O,239.0
.beta.-D-Galactofuranose_ 1_2_3_5_6-pentakis-O-(trimethylsilyl)-,,,,,,,,,,
.beta.-D-Galactofuranoside_ ethyl 2_3_5_6-tetrakis-O-(trimethylsilyl)-,,,,,,,,,,
.beta.-Gentiobiose_ octakis(trimethylsilyl) ether_ methyloxime (isomer 1),beta-Gentiobiose,beta-Gentiobiose,Carbohydrates,Disaccharides,Disaccharides,C12H22O11,342.116215,DLRVVLDZNNYCBX-LIZSDCNHSA-N,OC[C@H]1O[C@@H](OC[C@H]2O[C@@H](O)[C@H](O)[C@@H](O)[C@@H]2O)[C@H](O)[C@@H](O)[C@@H]1O,441422.0
.beta.-Tocopherol_ TMS derivative,beta-tocopherol,beta-tocopherol,Prenol Lipids,Quinones and hydroquinones,Vitamin E,C28H48O2,416.36543,WGVKWNUPNGFDFJ-DQCZWYHMSA-N,Cc1cc(O)c(C)c2c1O[C@](C)(CCC[C@H](C)CCC[C@H](C)CCCC(C)C)CC2,6857447.0
Butanoic acid_ 2_4-bis[(trimethylsilyl)oxy]-_ trimethylsilyl ester,Butyric acid,Butyric acid,Fatty Acyls,Fatty acids,Saturated FA,C4H8O2,88.05243,FERIUCNNQQJTOY-UHFFFAOYSA-N,CCCC(=O)O,264.0
Butylphosphonic acid_ pentyl 4-(2-phenylprop-2-yl)phenyl ester,,,,,,,,,,
Campesterol_ TMS derivative,Campesterol,Campesterol,Sterol Lipids,Sterols,Ergosterols,C28H48O,400.370515,SGNBVLSWZMBQTH-PODYLUTMSA-N,CC(C)[C@H](C)CC[C@@H](C)[C@H]1CC[C@H]2[C@@H]3CC=C4C[C@@H](O)CC[C@]4(C)[C@H]3CC[C@]12C,173183.0
capric acid,Capric acid,Capric acid,Fatty Acyls,Fatty acids,Saturated FA,C10H20O2,172.14633,GHVNFZFCNZKVNT-UHFFFAOYSA-N,CCCCCCCCCC(=O)O,2969.0
Carbonic acid_ eicosyl vinyl ester,,,,,,,,,,
Carbonic acid_ octadecyl vinyl ester,,,,,,,,,,
Cholest-7-en-3-ol_ (3.beta._5.alpha.)-_ TMS derivative,,,,,,,,,,
cholesterol,Cholesterol,Cholesterol,Sterol Lipids,Sterols,Cholesterols,C27H46O,386.354865,HVYWMOMLDIMFJA-DPAQBDIFSA-N,CC(C)CCC[C@@H](C)[C@H]1CC[C@H]2[C@@H]3CC=C4C[C@@H](O)CC[C@]4(C)[C@H]3CC[C@]12C,5997.0
citric acid,Citric acid,Citric acid,Organic acids,TCA acids,TCA acids,C6H8O7,192.027005,KRKNYBCHXYNGOX-UHFFFAOYSA-N,O=C(O)CC(O)(CC(=O)O)C(=O)O,311.0
citrulline 2,Citrulline,Citrulline,Organic acids,Amino acids and peptides,Amino acids,C6H13N3O3,175.095692,RHGKLRLOHDJJDR-BYPYZUCNSA-N,NC(=O)NCCC[C@H](N)C(=O)O,9750.0
Creatinine,Creatinine,Creatinine,Organoheterocyclic compounds,Azoles,Imidazolines,C4H7N3O,113.058912,DDRJAANPRJIHGJ-UHFFFAOYSA-N,CN1CC(=O)NC1=N,137319715.0
Cyclodecasiloxane_ eicosamethyl-,,,,,,,,,,
Cycloheptasiloxane_ tetradecamethyl-,,,,,,,,,,
Cyclohexane_ 1_2_3_4_5_6-hexaethyl-,,,,,,,,,,
Cyclohexasiloxane_ dodecamethyl-,,,,,,,,,,
Cyclohexene_ 3-butyl-3_5_5-trimethyl-1-(trimethylsilyloxy)-,,,,,,,,,,
Cyclononasiloxane_ octadecamethyl-,,,,,,,,,,
Cyclooctasiloxane_ hexadecamethyl-,,,,,,,,,,
D-allose 1,Allose,Allose,Organic oxygen compounds,Organooxygen compounds,Organooxygen compounds,C6H12O6,180.06339,WQZGKKKJIJFFOK-HOWGCPQDSA-N,OC[C@@H]1OC(O)[C@@H](O)[C@@H](O)[C@H]1O,12285879.0
D-Arabino-Hexonic acid_ 2-deoxy-3_5-bis-O-(trimethylsilyl)-_ .gamma.-lactone_ bis(trimethylsilyl) phosphate,,,,,,,,,,
Decane_ 2_4-dimethyl-,,,,,,,,,,
D-glucose 1,Glucose,Glucose,Carbohydrates,Monosaccharides,Hexoses,C6H12O6,180.06339,WQZGKKKJIJFFOK-GASJEMHNSA-N,OC[C@H]1OC(O)[C@H](O)[C@@H](O)[C@@H]1O,5793.0
D-glucose 2,Glucose,Glucose,Carbohydrates,Monosaccharides,Hexoses,C6H12O6,180.06339,WQZGKKKJIJFFOK-GASJEMHNSA-N,OC[C@H]1OC(O)[C@H](O)[C@@H](O)[C@@H]1O,5793.0
dibenzo[b_i][1_4_8_11]tetraazacyclotetradecine_ 5_6_7_8_9_14_15_16_17_18-decahydro,,,,,,,,,,
Diethanolamine_ 2TMS derivative,Diethanolamine,Diethanolamine,Organic nitrogen compounds,Amines,"1,2-aminoalcohols",C4H11NO2,105.078979,ZBCBWPMODOFKDW-UHFFFAOYSA-N,OCCNCCO,8113.0
Dihydrouracil_ 2TMS derivative,Dihydrouracil,Dihydrouracil,Nucleic acids,Pyrimidines,Other pyrimidines,C4H6N2O2,114.042928,OIVLITBTBDPEFK-UHFFFAOYSA-N,O=C1CCNC(=O)N1,649.0
dioctyl phthalate,Dioctyl phthalate,Dioctyl phthalate,Benzenoids,Benzenes,Phthalate esters,C24H38O4,390.27701,MQIUGAXCHLFZKX-UHFFFAOYSA-N,CCCCCCCCOC(=O)c1ccccc1C(=O)OCCCCCCCC,8346.0
Disiloxane_ 1_3-bis(1_1-dimethylethyl)-1_1_3_3-tetramethyl-,,,,,,,,,,
Disiloxane_ hexamethyl-,,,,,,,,,,
DL-isoleucine 1,Isoleucine,Isoleucine,Organic acids,Amino acids and peptides,Amino acids,C6H13NO2,131.094629,AGPKZVBTJJNPAG-WHFBIAKZSA-N,CC[C@H](C)[C@H](N)C(=O)O,6306.0
DL-isoleucine 2,Isoleucine,Isoleucine,Organic acids,Amino acids and peptides,Amino acids,C6H13NO2,131.094629,AGPKZVBTJJNPAG-WHFBIAKZSA-N,CC[C@H](C)[C@H](N)C(=O)O,6306.0
DL-Ornithine_ 3TMS derivative,Ornithine,Ornithine,Organic acids,Amino acids and peptides,Amino acids,C5H12N2O2,132.089878,AHLPHDHHMVZTML-BYPYZUCNSA-N,NCCC[C@H](N)C(=O)O,6262.0
D-malic acid,D-Malic acid,D-Malic acid,Organic acids,Hydroxy acids,Beta hydroxy acids,C4H6O5,134.021525,BJEPYKJPYRNKOW-UWTATZPHSA-N,O=C(O)C[C@@H](O)C(=O)O,92824.0
D-mannitol,Mannitol,Mannitol,Carbohydrates,Monosaccharides,Sugar alcohols,C6H14O6,182.07904,FBPFZTCFMRRESA-KVTDHHQDSA-N,OC[C@@H](O)[C@@H](O)[C@H](O)[C@H](O)CO,6251.0
Doconexent_ TMS derivative,DHA,DHA,Fatty Acyls,Fatty acids,Unsaturated FA,C22H32O2,328.24023,MBMBGCFOFBJSGT-KUBAVDMBSA-N,CC/C=C\C/C=C\C/C=C\C/C=C\C/C=C\C/C=C\CCC(=O)O,445580.0
Dodecane_ 1-iodo-,,,,,,,,,,
Dodecane_ 4_6-dimethyl-,,,,,,,,,,
D-threitol,Threitol,Threitol,Carbohydrates,Monosaccharides,Sugar alcohols,C4H10O4,122.05791,UNXHWFMMPAWVPI-QWWZWVQMSA-N,OC[C@@H](O)[C@H](O)CO,169019.0
D-(+)-Turanose_ octakis(trimethylsilyl) ether,Turanose,Turanose,Fatty Acyls,Fatty acyl glycosides,Fatty acyl glycosides,C12H22O11,342.116215,RULSWEULPANCDV-PIXUTMIVSA-N,O=C(CO)[C@@H](O[C@H]1O[C@H](CO)[C@@H](O)[C@H](O)[C@H]1O)[C@H](O)[C@H](O)CO,5460935.0
eicosane,Eicosane,Eicosane,Fatty Acyls,Hydrocarbons,Hydrocarbons,C20H42,282.328651,CBFCDTFDPHXCNY-UHFFFAOYSA-N,CCCCCCCCCCCCCCCCCCCC,8222.0
eicosapentaenoic acid,Eicosapentaenoic acid,Eicosapentaenoic acid,Fatty Acyls,Fatty acids,Unsaturated FA,C20H30O2,302.22458,,,
elaidic acid,Elaidic acid,Elaidic acid,Fatty Acyls,Fatty acids,Unsaturated FA,C18H34O2,282.25588,ZQPPMHVWECSIRJ-MDZDMXLPSA-N,CCCCCCCC/C=C/CCCCCCCC(=O)O,637517.0
Ethanol_ 2-(methylamino)-_ N-trifluoroacetyl_ O-(tert-butyldimethylsilyl),,,,,,,,,,
ethanolamine,Ethanolamine,Ethanolamine,Organic nitrogen compounds,Amines,"1,2-aminoalcohols",C2H7NO,61.052764,HZAXFHJVJLSVMW-UHFFFAOYSA-N,NCCO,700.0
Ethanolamine_ 3TMS derivative,Ethanolamine,Ethanolamine,Organic nitrogen compounds,Amines,"1,2-aminoalcohols",C2H7NO,61.052764,HZAXFHJVJLSVMW-UHFFFAOYSA-N,NCCO,700.0
Ethyl .alpha.-D-glucopyranoside_ 4TMS derivative,,,,,,,,,,
galactitol,Galactitol,Galactitol,Carbohydrates,Monosaccharides,Sugar alcohols,C6H14O6,182.07904,FBPFZTCFMRRESA-GUCUJZIJSA-N,OC[C@@H](O)[C@H](O)[C@H](O)[C@@H](O)CO,11850.0
galactonic acid 2,Galactonic acid,Galactonic acid,Carbohydrates,Monosaccharides,Sugar acids,C6H12O7,196.058305,RGHNJXZEOKUKBD-MGCNEYSASA-N,O=C(O)[C@H](O)[C@@H](O)[C@@H](O)[C@H](O)CO,128869.0
Galactose oxime_ 6TMS derivative,,,,,,,,,,
galacturonic acid 1,Galacturonic acid,Galacturonic acid,Carbohydrates,Monosaccharides,Sugar acids,C6H10O7,194.042655,IAJILQKETJEXLJ-RSJOWCBRSA-N,O=C[C@H](O)[C@@H](O)[C@@H](O)[C@H](O)C(=O)O,84740.0
.gamma.-Tocopherol_ TMS derivative,gamma-Tocopherol,gamma-Tocopherol,Prenol Lipids,Quinones and hydroquinones,Vitamin E,C28H48O2,416.36543,QUEDXNHFTDJVIY-DQCZWYHMSA-N,Cc1c(O)cc2c(c1C)O[C@](C)(CCC[C@H](C)CCC[C@H](C)CCCC(C)C)CC2,92729.0
gluconic acid 2,Gluconic acid,Gluconic acid,Carbohydrates,Monosaccharides,Sugar acids,C6H12O7,196.058305,RGHNJXZEOKUKBD-SQOUGZDYSA-N,O=C(O)[C@H](O)[C@@H](O)[C@H](O)[C@H](O)CO,10690.0
Gluconic acid_ 2-methoxime_ 3TMS derivative,,,,,,,,,,
Gluconic acid_ 2-methoxime_ tetra(trimethylsilyl)-_ trimethylsilyl ester,Gluconic acid,Gluconic acid,Carbohydrates,Monosaccharides,Sugar acids,C6H12O7,196.058305,RGHNJXZEOKUKBD-SQOUGZDYSA-N,O=C(O)[C@H](O)[C@@H](O)[C@H](O)[C@H](O)CO,10690.0
Glucose_ 5TMS derivative,Glucose,Glucose,Carbohydrates,Monosaccharides,Hexoses,C6H12O6,180.06339,WQZGKKKJIJFFOK-GASJEMHNSA-N,OC[C@H]1OC(O)[C@H](O)[C@@H](O)[C@@H]1O,5793.0
glycerol,Glycerol,Glycerol,Organic oxygen compounds,Alcohols and polyols,"1,2-diols",C3H8O3,92.047345,PEDCQBHIVMGVHV-UHFFFAOYSA-N,OCC(O)CO,753.0
glycerol 1-phosphate,sn-Glycero-3-phosphate,sn-Glycero-3-phosphate,Organic acids,Organic phosphoric acids,Organic phosphoric acids,C3H9O6P,172.013678,AWUCVROLDVIAJX-GSVOUGTGSA-N,O=P(O)(O)OC[C@H](O)CO,439162.0
glycine,Glycine,Glycine,Organic acids,Amino acids and peptides,Amino acids,C2H5NO2,75.032029,DHMQDGOQFOQNFH-UHFFFAOYSA-N,NCC(=O)O,750.0
Glycine_ 2TMS derivative,Glycine,Glycine,Organic acids,Amino acids and peptides,Amino acids,C2H5NO2,75.032029,DHMQDGOQFOQNFH-UHFFFAOYSA-N,NCC(=O)O,750.0
Glycine_ TMS derivative,Glycine,Glycine,Organic acids,Amino acids and peptides,Amino acids,C2H5NO2,75.032029,DHMQDGOQFOQNFH-UHFFFAOYSA-N,NCC(=O)O,750.0
glycolic acid,Glycolic acid,Glycolic acid,Fatty Acyls,Fatty acids,Hydroxy FA,C2H4O3,76.016045,AEMRFAOFKBGASW-UHFFFAOYSA-N,O=C(O)CO,757.0
Glycolic acid_ 2TMS derivative,Glycolic acid,Glycolic acid,Fatty Acyls,Fatty acids,Hydroxy FA,C2H4O3,76.016045,AEMRFAOFKBGASW-UHFFFAOYSA-N,O=C(O)CO,757.0
guanosine 2,Guanosine,Guanosine,Nucleic acids,Purines,Purine ribonucleosides,C10H13N5O5,283.09167,NYHBQMYGNKIUIF-UUOKFMHZSA-N,Nc1nc2c(ncn2[C@@H]2O[C@H](CO)[C@@H](O)[C@H]2O)c(=O)[nH]1,135398635.0
Heneicosane,Heneicosane,Heneicosane,Fatty Acyls,Hydrocarbons,Hydrocarbons,C21H44,296.344301,FNAZRRHPUDJQCJ-UHFFFAOYSA-N,CCCCCCCCCCCCCCCCCCCCC,12403.0
Heptacosane,Heptacosane,Heptacosane,Fatty Acyls,Hydrocarbons,Hydrocarbons,C27H56,380.438201,BJQWYEJQWHSSCJ-UHFFFAOYSA-N,CCCCCCCCCCCCCCCCCCCCCCCCCCC,11636.0
heptadecanoic acid,Margaric acid,Margaric acid,Fatty Acyls,Fatty acids,Saturated FA,C17H34O2,270.25588,KEMQGTRYUADPNZ-UHFFFAOYSA-N,CCCCCCCCCCCCCCCCC(=O)O,10465.0
Heptadecanoic acid_ glycerine-(1)-monoester_ bis-O-trimethylsilyl-,Margaric acid,Margaric acid,Fatty Acyls,Fatty acids,Saturated FA,C17H34O2,270.25588,KEMQGTRYUADPNZ-UHFFFAOYSA-N,CCCCCCCCCCCCCCCCC(=O)O,10465.0
Heptasiloxane_ hexadecamethyl-,,,,,,,,,,
Hexadecane,Hexadecane,Hexadecane,Fatty Acyls,Hydrocarbons,Hydrocarbons,C16H34,226.266051,DCAYPVUWAIABOU-UHFFFAOYSA-N,CCCCCCCCCCCCCCCC,11006.0
Hexadecane_ 2-methyl-,,,,,,,,,,
hypoxanthine,Hypoxanthine,Hypoxanthine,Nucleic acids,Purines,Hypoxanthines,C5H4N4O,136.038511,FDGQSTZJBFJUBT-UHFFFAOYSA-N,O=c1[nH]cnc2nc[nH]c12,135398638.0
Indol-5-ol_ 2TMS derivative,,,,,,,,,,
inosine,Inosine,Inosine,Nucleic acids,Purines,Purine ribonucleosides,C10H12N4O5,268.080771,UGQMRVRMYYASKQ-KQYNXXCUSA-N,OC[C@H]1O[C@@H](n2cnc3c(O)ncnc32)[C@H](O)[C@@H]1O,135398641.0
Lactic Acid_ 2TMS derivative,Lactic acid,Lactic acid,Organic acids,Short-chain acids,Short-chain acids,C3H6O3,90.031695,JVTAAEKCZFNVCJ-REOHCLBHSA-N,C[C@H](O)C(=O)O,107689.0
lactose 1,Lactose,Lactose,Carbohydrates,Disaccharides,Disaccharides,C12H22O11,342.116215,GUBGYTABKSRVRQ-QKKXKWKRSA-N,OC[C@H]1O[C@@H](O[C@H]2[C@H](O)[C@@H](O)C(O)O[C@@H]2CO)[C@H](O)[C@@H](O)[C@H]1O,440995.0
L-alanine 1,Alanine,Alanine,Organic acids,Amino acids and peptides,Amino acids,C3H7NO2,89.047679,QNAYBMKLOCPYGJ-REOHCLBHSA-N,C[C@H](N)C(=O)O,5950.0
L-alanine 2,Alanine,Alanine,Organic acids,Amino acids and peptides,Amino acids,C3H7NO2,89.047679,QNAYBMKLOCPYGJ-REOHCLBHSA-N,C[C@H](N)C(=O)O,5950.0
L-Alanine_ 2TMS derivative,Alanine,Alanine,Organic acids,Amino acids and peptides,Amino acids,C3H7NO2,89.047679,QNAYBMKLOCPYGJ-REOHCLBHSA-N,C[C@H](N)C(=O)O,5950.0
L-Alanine_ TMS derivative,Alanine,Alanine,Organic acids,Amino acids and peptides,Amino acids,C3H7NO2,89.047679,QNAYBMKLOCPYGJ-REOHCLBHSA-N,C[C@H](N)C(=O)O,5950.0
L-asparagine 2,Asparagine,Asparagine,Organic acids,Amino acids and peptides,Amino acids,C4H8N2O3,132.053493,DCXYFEDJOCDNAF-REOHCLBHSA-N,NC(=O)C[C@H](N)C(=O)O,6267.0
L-Asparagine_ 2TMS derivative,Asparagine,Asparagine,Organic acids,Amino acids and peptides,Amino acids,C4H8N2O3,132.053493,DCXYFEDJOCDNAF-REOHCLBHSA-N,NC(=O)C[C@H](N)C(=O)O,6267.0
lauric acid,Lauric acid,Lauric acid,Fatty Acyls,Fatty acids,Saturated FA,C12H24O2,200.17763,POULHZVOKOAJMA-UHFFFAOYSA-N,CCCCCCCCCCCC(=O)O,3893.0
L-cystine 1,Cystine,Cystine,Organic acids,Amino acids and peptides,Amino acids,C6H12N2O4S2,240.023852,LEVWYRKDKASIDU-IMJSIDKUSA-N,N[C@@H](CSSC[C@H](N)C(=O)O)C(=O)O,67678.0
L-cystine 2,Cystine,Cystine,Organic acids,Amino acids and peptides,Amino acids,C6H12N2O4S2,240.023852,LEVWYRKDKASIDU-IMJSIDKUSA-N,N[C@@H](CSSC[C@H](N)C(=O)O)C(=O)O,67678.0
L-cystine 3,Cystine,Cystine,Organic acids,Amino acids and peptides,Amino acids,C6H12N2O4S2,240.023852,LEVWYRKDKASIDU-IMJSIDKUSA-N,N[C@@H](CSSC[C@H](N)C(=O)O)C(=O)O,67678.0
Leu-Trp_ N-trimethylsilyl-_ trimethylsilyl ester,Leu-Trp,Leu-Trp,Organic acids,Amino acids and peptides,Dipeptides,C17H23N3O3,317.173942,BQVUABVGYYSDCJ-ZFWWWQNUSA-N,CC(C)C[C@H](N)C(=O)N[C@@H](Cc1c[nH]c2ccccc12)C(=O)O,6992319.0
L-glutamic acid 1,Glutamic acid,Glutamic acid,Organic acids,Amino acids and peptides,Amino acids,C5H9NO4,147.053159,WHUUTDBJXJRKMK-VKHMYHEASA-N,N[C@@H](CCC(=O)O)C(=O)O,33032.0
L-glutamic acid 2,Glutamic acid,Glutamic acid,Organic acids,Amino acids and peptides,Amino acids,C5H9NO4,147.053159,WHUUTDBJXJRKMK-VKHMYHEASA-N,N[C@@H](CCC(=O)O)C(=O)O,33032.0
L-glutamic acid 3 (dehydrated),Glutamic acid,Glutamic acid,Organic acids,Amino acids and peptides,Amino acids,C5H9NO4,147.053159,WHUUTDBJXJRKMK-VKHMYHEASA-N,N[C@@H](CCC(=O)O)C(=O)O,33032.0
L-glutamine 1,Glutamine,Glutamine,Organic acids,Amino acids and peptides,Amino acids,C5H10N2O3,146.069143,ZDXPYRJPNDTMRX-VKHMYHEASA-N,NC(=O)CC[C@H](N)C(=O)O,5961.0
L-glutamine 2,Glutamine,Glutamine,Organic acids,Amino acids and peptides,Amino acids,C5H10N2O3,146.069143,ZDXPYRJPNDTMRX-VKHMYHEASA-N,NC(=O)CC[C@H](N)C(=O)O,5961.0
linoleic acid,Linoleic acid,Linoleic acid,Fatty Acyls,Fatty acids,Unsaturated FA,C18H32O2,280.24023,OYHQOLUKZRVURQ-HZJYTTRNSA-N,CCCCC/C=C\C/C=C\CCCCCCCC(=O)O,5280450.0
L-(+) lactic acid,Lactic acid,Lactic acid,Organic acids,Short-chain acids,Short-chain acids,C3H6O3,90.031695,JVTAAEKCZFNVCJ-REOHCLBHSA-N,C[C@H](O)C(=O)O,107689.0
L-leucine 2,Leucine,Leucine,Organic acids,Amino acids and peptides,Amino acids,C6H13NO2,131.094629,ROHFNLRQFUQHCH-YFKPBYRVSA-N,CC(C)C[C@H](N)C(=O)O,6106.0
L-lysine 1,Lysine,Lysine,Organic acids,Amino acids and peptides,Amino acids,C6H14N2O2,146.105528,KDXKERNSBIXSRK-YFKPBYRVSA-N,NCCCC[C@H](N)C(=O)O,5962.0
L-lysine 2,Lysine,Lysine,Organic acids,Amino acids and peptides,Amino acids,C6H14N2O2,146.105528,KDXKERNSBIXSRK-YFKPBYRVSA-N,NCCCC[C@H](N)C(=O)O,5962.0
L-methionine 1,Methionine,Methionine,Organic acids,Amino acids and peptides,Amino acids,C5H11NO2S,149.051051,FFEARJCKVFRZRR-BYPYZUCNSA-N,CSCC[C@H](N)C(=O)O,6137.0
L-methionine 2,Methionine,Methionine,Organic acids,Amino acids and peptides,Amino acids,C5H11NO2S,149.051051,FFEARJCKVFRZRR-BYPYZUCNSA-N,CSCC[C@H](N)C(=O)O,6137.0
L-norleucine 1,Norleucine,Norleucine,Organic acids,Amino acids and peptides,Amino acids,C6H13NO2,131.094629,LRQKBLKVPFOOQJ-YFKPBYRVSA-N,CCCC[C@H](N)C(=O)O,21236.0
L-Phenylalanine_ 2TMS derivative,Phenylalanine,Phenylalanine,Organic acids,Amino acids and peptides,Amino acids,C9H11NO2,165.078979,COLNVLDHVKWLRT-QMMMGPOBSA-N,N[C@@H](Cc1ccccc1)C(=O)O,6140.0
L-proline 2,Proline,Proline,Organic acids,Amino acids and peptides,Amino acids,C5H9NO2,115.063329,ONIBWKKTOPOVIA-BYPYZUCNSA-N,O=C(O)[C@@H]1CCCN1,145742.0
L-Proline_ 2TMS derivative,Proline,Proline,Organic acids,Amino acids and peptides,Amino acids,C5H9NO2,115.063329,ONIBWKKTOPOVIA-BYPYZUCNSA-N,O=C(O)[C@@H]1CCCN1,145742.0
L-Proline_ TMS derivative,Proline,Proline,Organic acids,Amino acids and peptides,Amino acids,C5H9NO2,115.063329,ONIBWKKTOPOVIA-BYPYZUCNSA-N,O=C(O)[C@@H]1CCCN1,145742.0
L-serine 1,Serine,Serine,Organic acids,Amino acids and peptides,Amino acids,C3H7NO3,105.042594,MTCFGRXMJLQNBG-REOHCLBHSA-N,N[C@@H](CO)C(=O)O,5951.0
L-serine 2,Serine,Serine,Organic acids,Amino acids and peptides,Amino acids,C3H7NO3,105.042594,MTCFGRXMJLQNBG-REOHCLBHSA-N,N[C@@H](CO)C(=O)O,5951.0
L-Serine_ 2TMS derivative,Serine,Serine,Organic acids,Amino acids and peptides,Amino acids,C3H7NO3,105.042594,MTCFGRXMJLQNBG-REOHCLBHSA-N,N[C@@H](CO)C(=O)O,5951.0
L-threonine 1,Threonine,Threonine,Organic acids,Amino acids and peptides,Amino acids,C4H9NO3,119.058244,AYFVYJQAPQTCCC-GBXIJSLDSA-N,C[C@@H](O)[C@H](N)C(=O)O,6288.0
L-threonine 2,Threonine,Threonine,Organic acids,Amino acids and peptides,Amino acids,C4H9NO3,119.058244,AYFVYJQAPQTCCC-GBXIJSLDSA-N,C[C@@H](O)[C@H](N)C(=O)O,6288.0
L-tryptophan 2,Tryptophan,Tryptophan,Organic acids,Amino acids and peptides,Amino acids,C11H12N2O2,204.089878,QIVBCDIJIAJPQS-VIFPVBQESA-N,N[C@@H](Cc1c[nH]c2ccccc12)C(=O)O,6305.0
L-tyrosine 2,Tyrosine,Tyrosine,Organic acids,Amino acids and peptides,Amino acids,C9H11NO3,181.073894,OUYCCCASQSFEME-QMMMGPOBSA-N,N[C@@H](Cc1ccc(O)cc1)C(=O)O,6057.0
L-valine 2,Valine,Valine,Organic acids,Amino acids and peptides,Amino acids,C5H11NO2,117.078979,KZSNJWFQEVHDMF-BYPYZUCNSA-N,CC(C)[C@H](N)C(=O)O,6287.0
L-Valine_ TMS derivative,Valine,Valine,Organic acids,Amino acids and peptides,Amino acids,C5H11NO2,117.078979,KZSNJWFQEVHDMF-BYPYZUCNSA-N,CC(C)[C@H](N)C(=O)O,6287.0
m-Cresol_ TMS derivative,m-Cresol,m-Cresol,Benzenoids,Phenols,Other phenols,C7H8O,108.057515,RLSSMJSEOOYNOY-UHFFFAOYSA-N,Cc1cccc(O)c1,342.0
Methoxyamine_ TMS derivative,Methoxamine,Methoxamine,Benzenoids,Benzenes,Other benzenes,C11H17NO3,211.120844,WJAJPNHVVFWKKL-UHFFFAOYSA-N,COc1ccc(OC)c(C(O)C(C)N)c1,6082.0
Methyl 2-[2-(4-chlorophenyl)-5-methyl-1H-imidazol-1-yl]dithiobenzoate,,,,,,,,,,
Methyl Caprate,Methyl decanoate,Methyl decanoate,Fatty Acyls,Fatty esters,Wax monoesters,C11H22O2,186.16198,YRHYCMZPEVDGFQ-UHFFFAOYSA-N,CCCCCCCCCC(=O)OC,8050.0
Methyl Docosanoate,,,,,,,,,,
Methyl Eicosanoate,,,,,,,,,,
Methyl galactoside_ 4TMS derivative,Methyl beta-D-galactoside,Methyl beta-D-galactoside,Carbohydrates,Monosaccharides,Hexoses,C7H14O6,194.07904,HOVAGTYPODGVJG-VOQCIKJUSA-N,CO[C@@H]1O[C@H](CO)[C@H](O)[C@H](O)[C@H]1O,94214.0
Methyl Laurate,Methyl dodecanoate,Methyl dodecanoate,Fatty Acyls,Fatty esters,Wax monoesters,C13H26O2,214.19328,UQDUPQYQJKYHQI-UHFFFAOYSA-N,CCCCCCCCCCCC(=O)OC,8139.0
Methyl Linocerate,,,,,,,,,,
methyl linolenate,,,,,,,,,,
Methyl Myristate,Methyl tetradecanoate,Methyl tetradecanoate,Fatty Acyls,Fatty esters,Wax monoesters,C15H30O2,242.22458,ZAZKJZBWRNNLDS-UHFFFAOYSA-N,CCCCCCCCCCCCCC(=O)OC,31284.0
methyl oleate,Methyl oleate,Methyl oleate,Fatty Acyls,Fatty esters,Wax diesters,C19H36O2,296.27153,QYDYPVFESGNLHU-KHPPLWFESA-N,CCCCCCCC/C=C\CCCCCCCC(=O)OC,5364509.0
Methyl Palmitate,Formyl hexadecanoate,Formyl hexadecanoate,Fatty Acyls,Fatty esters,Wax monoesters,C17H34O2,270.25588,FLIACVVOZYBSBS-UHFFFAOYSA-N,CCCCCCCCCCCCCCCC(=O)OC,8181.0
methyl palmitoleate,,,,,,,,,,
Methyl Stearate,Methyl stearate,Methyl stearate,Fatty Acyls,Fatty esters,Wax monoesters,C19H38O2,298.28718,HPEUJPJOZXNMSJ-UHFFFAOYSA-N,CCCCCCCCCCCCCCCCCC(=O)OC,8201.0
Monolaurin_ 2TMS derivative,MG 12:0,MG 12:0,Glycerolipids,Monoradylglycerols,MG,C15H30O4,274.21441,,,
myo-inositol,Myo-inositol,Myo-inositol,Organic oxygen compounds,Alcohols and polyols,Inositols,C6H12O6,180.06339,CDAISMWEOUEBRE-GPIVLXJGSA-N,O[C@H]1[C@H](O)[C@@H](O)[C@H](O)[C@@H](O)[C@H]1O,892.0
Myristic Acid d27,Myristic acid,Myristic acid,Fatty Acyls,Fatty acids,Saturated FA,C14H28O2,228.20893,TUNFSRHWOTWDNC-UHFFFAOYSA-N,CCCCCCCCCCCCCC(=O)O,11005.0
N-(6-Quinolinyl)phthalimide,,,,,,,,,,
N-acetyl-D-glucosamine 2,N-Acetyl-D-glucosamine,N-Acetyl-D-glucosamine,Carbohydrates,Monosaccharides,Amino sugars,C8H15NO6,221.089939,OVRNDRQMDRJTHS-RTRLPJTCSA-N,CC(=O)N[C@H]1C(O)O[C@H](CO)[C@@H](O)[C@@H]1O,439174.0
N-Acetyl glucosamine methoxime_ tetrakis(trimethylsilyl),N-Acetyl-D-glucosamine,N-Acetyl-D-glucosamine,Carbohydrates,Monosaccharides,Amino sugars,C8H15NO6,221.089939,OVRNDRQMDRJTHS-RTRLPJTCSA-N,CC(=O)N[C@H]1C(O)O[C@H](CO)[C@@H](O)[C@@H]1O,439174.0
N-(Hydroxymethyl)trifluoroacetamide_ TMS derivative,,,,,,,,,,
Nonanoic acid_ TMS derivative,Pelargonic acid,Pelargonic acid,Fatty Acyls,Fatty acids,Saturated FA,C9H18O2,158.13068,FBUKVWPVBMHYJY-UHFFFAOYSA-N,CCCCCCCCC(=O)O,8158.0
norvaline 2,Norvaline,Norvaline,Organic acids,Amino acids and peptides,Amino acids,C5H11NO2,117.078979,SNDPXSYFESPGGJ-SCSAIBSYSA-N,CCC[C@@H](N)C(=O)O,439575.0
Octadecane,Octadecane,Octadecane,Fatty Acyls,Hydrocarbons,Hydrocarbons,C18H38,254.297351,RZJRJXONCZWCBN-UHFFFAOYSA-N,CCCCCCCCCCCCCCCCCC,11635.0
O-phosphocolamine,Phosphoethanolamine,Phosphoethanolamine,Organic acids,Phosphate esters,Phosphoethanolamines,C2H8NO4P,141.019097,SUHOOTKUPISOBE-UHFFFAOYSA-N,NCCOP(=O)(O)O,1015.0
oxalic acid,Oxalic acid,Oxalic acid,Fatty Acyls,Fatty acids,Dicarboxylic acids,C2H2O4,89.99531,MUBZPKHOEPUJKR-UHFFFAOYSA-N,O=C(O)C(=O)O,971.0
Oxalic acid_ 2TMS derivative,Oxalic acid,Oxalic acid,Fatty Acyls,Fatty acids,Dicarboxylic acids,C2H2O4,89.99531,MUBZPKHOEPUJKR-UHFFFAOYSA-N,O=C(O)C(=O)O,971.0
palmitic acid,Palmitic acid,Palmitic acid,Fatty Acyls,Fatty acids,Saturated FA,C16H32O2,256.24023,IPCSVZSSVZVIGE-UHFFFAOYSA-N,CCCCCCCCCCCCCCCC(=O)O,985.0
palmitoleic acid,Palmitoleic acid,Palmitoleic acid,Fatty Acyls,Fatty acids,Unsaturated FA,C16H30O2,254.22458,SECPZKHBENQXJG-FPLPWBNLSA-N,CCCCCC/C=C\CCCCCCCC(=O)O,445638.0
p-cresol,P-Cresol,P-Cresol,Benzenoids,Phenols,Other phenols,C7H8O,108.057515,IWDCLRJOBJJRNH-UHFFFAOYSA-N,Cc1ccc(O)cc1,2879.0
Pentadecanoic acid_ glycerine-(1)-monoester_ bis-O-trimethylsilyl-,,,,,,,,,,
Pentadecanoic acid_ TMS derivative,Pentadecylic acid,Pentadecylic acid,Fatty Acyls,Fatty acids,Saturated FA,C15H30O2,242.22458,WQEPLUUGTLDZJY-UHFFFAOYSA-N,CCCCCCCCCCCCCCC(=O)O,13849.0
Pentasiloxane_ dodecamethyl-,,,,,,,,,,
Phenol_ 2_4-bis(1_1-dimethylethyl)-_ phosphite (3:1),,,,,,,,,,
Phenol_ TMS derivative,Phenol,Phenol,Polyketides,Phenolic acids,Phenolic acids,C6H6O,94.041865,ISWSIDIOOBJBQZ-UHFFFAOYSA-N,Oc1ccccc1,996.0
Phenylalanine 1,Phenylalanine,Phenylalanine,Organic acids,Amino acids and peptides,Amino acids,C9H11NO2,165.078979,COLNVLDHVKWLRT-QMMMGPOBSA-N,N[C@@H](Cc1ccccc1)C(=O)O,6140.0
phosphoric acid,Phosphoric acid,Phosphoric acid,Unclassified,Unclassified,Unclassified,PH3O4,97.976898,NBIIXXVUZAFLBC-UHFFFAOYSA-N,O=P(O)(O)O,1004.0
Phosphoric acid_ 2-(trimethylsiloxy)-1-[(trimethylsiloxy)methyl]ethyl bis(trimethylsilyl) ester,Phosphoric acid,Phosphoric acid,Unclassified,Unclassified,Unclassified,PH3O4,97.976898,NBIIXXVUZAFLBC-UHFFFAOYSA-N,O=P(O)(O)O,1004.0
Phosphoric acid_ 2-[(trimethylsilyl)oxy]-1_3-propanediyl tetrakis(trimethylsilyl) ester,Phosphoric acid,Phosphoric acid,Unclassified,Unclassified,Unclassified,PH3O4,97.976898,NBIIXXVUZAFLBC-UHFFFAOYSA-N,O=P(O)(O)O,1004.0
Phosphoric acid_ bis(trimethylsilyl)monomethyl ester,Phosphoric acid,Phosphoric acid,Unclassified,Unclassified,Unclassified,PH3O4,97.976898,NBIIXXVUZAFLBC-UHFFFAOYSA-N,O=P(O)(O)O,1004.0
propanedinitrile_ 2-(1-methyl-2_6-diphenyl-4(1H)-pyridinylidene)-,,,,,,,,,,
Propanoic acid_ 2_2-dimethyl-_ sodium salt,,,,,,,,,,
Propylene glycol_ 2TMS derivative,Propylene glycol,Propylene glycol,Organic oxygen compounds,Alcohols and polyols,"1,2-diols",C3H8O2,76.05243,DNIAPMSPPWPWGF-VKHMYHEASA-N,C[C@H](O)CO,439846.0
Propylparaben_ TMS derivative,Propylparaben,Propylparaben,Polyketides,Phenolic acids,Phenolic acids,C10H12O3,180.078645,QELSKZZBTMNZEB-UHFFFAOYSA-N,CCCOC(=O)c1ccc(O)cc1,7175.0
Pseudo uridine penta-tms,Pseudouridine,Pseudouridine,Nucleic acids,Pyrimidines,Pyrimidine ribonucleosides,C9H12N2O6,244.069538,PTJWIQPHWPFNBW-GBNDHIKLSA-N,O=c1[nH]cc([C@@H]2O[C@H](CO)[C@@H](O)[C@H]2O)c(=O)[nH]1,15047.0
psicose 1,Psicose,Psicose,Carbohydrates,Monosaccharides,Hexoses,C6H12O6,180.06339,BJHIKXHVCXFQLS-PUFIMZNGSA-N,O=C(CO)[C@H](O)[C@H](O)[C@H](O)CO,90008.0
p-Tolyl-.beta.-D-glucuronide_ tris(trimethylsilyl) ether_ trimethylsilyl ester,,,,,,,,,,
Pyroglutamic acid_ TMS derivative,Pyroglutamic acid,Pyroglutamic acid,Organic acids,Amino acids and peptides,Amino acids,C5H7NO3,129.042594,ODHCTXKNWHHXJC-VKHMYHEASA-N,O=C1CC[C@@H](C(=O)O)N1,7405.0
pyrophosphate,Pyrophosphate,Pyrophosphate,Unclassified,Unclassified,Unclassified,P2H2Na2O7,221.907121,GYQBBRRVRKFJRG-UHFFFAOYSA-L,O=P([O-])(O)OP(=O)([O-])O.[Na+].[Na+],24451.0
quinic acid,Quinic acid,Quinic acid,Polyketides,Phenolic acids,Phenolic acids,C7H12O6,192.06339,AAWZDTNXLSGCEK-LNVDRNJUSA-N,O=C(O)C1(O)C[C@@H](O)C(O)[C@H](O)C1,6508.0
ribitol,Ribitol,Ribitol,Carbohydrates,Monosaccharides,Sugar alcohols,C5H12O5,152.068475,HEBKCHPVOIAQTA-ZXFHETKHSA-N,OC[C@@H](O)[C@@H](O)[C@@H](O)CO,6912.0
Ribonic acid_ 2_3_4_5-tetrakis-O-(trimethylsilyl)-_ trimethylsilyl ester,Ribonic acid,Ribonic acid,Carbohydrates,Monosaccharides,Sugar acids,C5H10O6,166.04774,QXKAIJAYHKCRRA-BXXZVTAOSA-N,O=C(O)[C@H](O)[C@H](O)[C@H](O)CO,5460677.0
ribose,Ribose,Ribose,Carbohydrates,Monosaccharides,Pentoses,C5H10O5,150.052825,HMFHBZSHGGEWLO-SOOFDHNKSA-N,OC[C@H]1OC(O)[C@H](O)[C@@H]1O,5779.0
(R_R)-2_3-Dihydroxybutanoic acid_ tris(trimethylsilyl)-,4-Deoxy-erythronic acid,4-Deoxy-erythronic acid,Carbohydrates,Monosaccharides,Sugar acids,C4H8O4,120.04226,LOUGYXZSURQALL-PWNYCUMCSA-N,C[C@@H](O)[C@@H](O)C(=O)O,13120901.0
(R_S)-2_3-Dihydroxybutanoic acid_ tris(trimethylsilyl) deriv.,4-Deoxythreonic acid,4-Deoxythreonic acid,Carbohydrates,Monosaccharides,Sugar acids,C4H8O4,120.04226,LOUGYXZSURQALL-GBXIJSLDSA-N,C[C@@H](O)[C@H](O)C(=O)O,10964471.0
(R_S)-3_4-DIHYDROXYBUTANOIC ACID TRITMS,,,,,,,,,,
Sedoheptulose_ o-methyloxime_ hexakis-O-(trimethylsilyl)-,,,,,,,,,,
serotonin 1,Serotonin,Serotonin,Alkaloids,Tryptophan alkaloids,Tryptamines,C10H12N2O,176.094963,QZAYGJVTTNCVMB-UHFFFAOYSA-N,NCCc1c[nH]c2ccc(O)cc12,5202.0
Silane_ diethyldecyloxyhexadecyloxy-,,,,,,,,,,
Silane_ dimethyl-2-propenyl(tetradecyloxy)-,,,,,,,,,,
Silane_ dimethyl(octadecyloxy)propyl-,,,,,,,,,,
stearic acid,Stearic acid,Stearic acid,Fatty Acyls,Fatty acids,Saturated FA,C18H36O2,284.27153,QIQXTHQIDYTFRH-UHFFFAOYSA-N,CCCCCCCCCCCCCCCCCC(=O)O,5281.0
succinic acid,Succinic acid,Succinic acid,Organic acids,TCA acids,TCA acids,C4H6O4,118.02661,KDYFGRWQOYBRFD-UHFFFAOYSA-N,O=C(O)CCC(=O)O,1110.0
tagatose 1,Fructose,Fructose,Carbohydrates,Monosaccharides,Hexoses,C6H12O6,180.06339,BJHIKXHVCXFQLS-UYFOZJQFSA-N,OCC1(O)OC[C@@H](O)[C@@H](O)[C@@H]1O,5984.0
(t-Butyldimethylsilyl)[3-methyl-3-(4-methyl-pent-3-enyl)-oxiran-2-yl]-methanone,,,,,,,,,,
tert-Butyl(2-(tert-butyl)-4-methoxyphenoxy)dimethylsilane,,,,,,,,,,
tetracosane,Lignocerane,Lignocerane,Fatty Acyls,Hydrocarbons,Hydrocarbons,C24H50,338.391251,POOSGDOYLQNASK-UHFFFAOYSA-N,CCCCCCCCCCCCCCCCCCCCCCCC,12592.0
Tetradecane_ 1-iodo-,,,,,,,,,,
Tetradecanoic acid_ triethylsilyl ester,Myristic acid,Myristic acid,Fatty Acyls,Fatty acids,Saturated FA,C14H28O2,228.20893,TUNFSRHWOTWDNC-UHFFFAOYSA-N,CCCCCCCCCCCCCC(=O)O,11005.0
Tetrasiloxane_ decamethyl-,,,,,,,,,,
Thiazolidine-2_5-dione,"1,3-Thiazolidine-2,5-dione","1,3-Thiazolidine-2,5-dione",Organic acids,Amino acids and peptides,Amino acids,C3H3NO2S,116.988449,STHGEDCARBQXMJ-UHFFFAOYSA-N,O=C1CNC(=O)S1,542718.0
threonic acid,Threonic acid,Threonic acid,Carbohydrates,Monosaccharides,Sugar acids,C4H8O5,136.037175,JPIJQSOTBSSVTP-STHAYSLISA-N,O=C(O)[C@H](O)[C@@H](O)CO,5460407.0
trans-4-hydroxy-L-proline 1,trans-4-Hydroxyproline,trans-4-Hydroxyproline,Organic acids,Amino acids and peptides,Amino acids,C5H9NO3,131.058244,PMMYEEVYMWASQN-DMTCNVIQSA-N,O=C(O)[C@@H]1C[C@@H](O)CN1,5810.0
trans-aconitic acid,trans-Aconitic acid,trans-Aconitic acid,Organic acids,Carboxylic acids,Tricarboxylic acids,C6H6O6,174.01644,GTZCVFVGUGFEME-HNQUOIGGSA-N,O=C(O)/C=C(\CC(=O)O)C(=O)O,444212.0
Tricosanoic acid_ 2-methoxy-_ methyl ester,,,,,,,,,,
Trimethylsilyl 3-((trimethylsilyl)thio)propanoate,,,,,,,,,,
tyrosine 1,Tyrosine,Tyrosine,Organic acids,Amino acids and peptides,Amino acids,C9H11NO3,181.073894,OUYCCCASQSFEME-QMMMGPOBSA-N,N[C@@H](Cc1ccc(O)cc1)C(=O)O,6057.0
tyrosine 2,Tyrosine,Tyrosine,Organic acids,Amino acids and peptides,Amino acids,C9H11NO3,181.073894,OUYCCCASQSFEME-QMMMGPOBSA-N,N[C@@H](Cc1ccc(O)cc1)C(=O)O,6057.0
Undecane_ 2_10-dimethyl-,,,,,,,,,,
Undecane_ 3_8-dimethyl-,,,,,,,,,,
Undecane_ 4_7-dimethyl-,,,,,,,,,,
Urea_ 2TMS derivative,Urea,Urea,Organic acids,Carboximidic acids,Ureas,CH4N2O,60.032363,XSQUKJJJFZCRTK-UHFFFAOYSA-N,NC(N)=O,1176.0
uric acid 1,Uric acid,Uric acid,Nucleic acids,Purines,Xanthines,C5H4N4O3,168.028341,LEHOTFFKMJEONL-UHFFFAOYSA-N,O=c1[nH]c(=O)c2[nH]c(=O)[nH]c2[nH]1,1175.0
uric acid 2,Uric acid,Uric acid,Nucleic acids,Purines,Xanthines,C5H4N4O3,168.028341,LEHOTFFKMJEONL-UHFFFAOYSA-N,O=c1[nH]c(=O)c2[nH]c(=O)[nH]c2[nH]1,1175.0
uridine,Uridine,Uridine,Nucleic acids,Pyrimidines,Pyrimidine ribonucleosides,C9H12N2O6,244.069538,DRTQHJPVMGBUCF-XVFCMESISA-N,O=c1ccn([C@@H]2O[C@H](CO)[C@@H](O)[C@H]2O)c(=O)[nH]1,6029.0
Uridine_ 3TMS derivative,Uridine,Uridine,Nucleic acids,Pyrimidines,Pyrimidine ribonucleosides,C9H12N2O6,244.069538,DRTQHJPVMGBUCF-XVFCMESISA-N,O=c1ccn([C@@H]2O[C@H](CO)[C@@H](O)[C@H]2O)c(=O)[nH]1,6029.0
xanthine,Xanthine,Xanthine,Nucleic acids,Purines,Xanthines,C5H4N4O2,152.033426,LRFVTYWOQMYALW-UHFFFAOYSA-N,O=c1[nH]c(=O)c2nc[nH]c2[nH]1,1188.0
xylitol,Xylitol,Xylitol,Carbohydrates,Monosaccharides,Sugar alcohols,C5H12O5,152.068475,HEBKCHPVOIAQTA-SCDXWVJYSA-N,OC[C@@H](O)[C@H](O)[C@@H](O)CO,6912.0
xylose 1,Xylose,Xylose,Carbohydrates,Monosaccharides,Pentoses,C5H10O5,150.052825,SRBFZHDQGSBBOR-IOVATXLUSA-N,OC1OC[C@@H](O)[C@H](O)[C@H]1O,135191.0
,,,,,,,,,,
</pre></body></html>,,,,,,,,,,
